"BarCodeNum","TimeStamp","ErrorCode","Brands","Quantity","Categories","ProductName","ImageUrl","celery","cereals_containing_gluten","crustaceans","eggs","fish","lupin","milk","molluscs","mustard","nuts","peanuts","sesame_seeds","soya_beans","sulphur_dioxide","Vegan","LactoVegetarian","OvoVegetarian","LactoOvoVegetarian","Pescatarian","WhiteMeatOnly","RedMeatOnly","Halal","Kosher","Beef","Jain","Onion","Keto","Paleo","Mediterranean","SugarFree","Local","Organic","GeneticallyModified","FullyRecycled","PartRecycled","ABCDERatings","HighSugarSaltSpecificProducts","CountryOfOrigin"
"undefined","1696439006358","undefined","SWANSON BROTH","undefined","Packaged foods","Swanson Broth Chicken","https://www.edamam.com/food-img/f80/f80780a5e153f943afe0849b72bb3050.png","No","No","No","No","No","No","No","No","No","No","No","No","No","No","Yes","No","No","No","No","No","No","Yes","No","No","Yes","No","No","No","No","No","No","No","No","No","No","Unknown","No","Unknown"
"0051000227492","undefined","No","CAMPBELL SOUP COMPANY","undefined","Food, Beverages & Tobacco > Food Items > Soups & Broths","Hearty Ham & Bean Soup","undefined","No","No","No","No","No","No","No","No","No","No","No","No","No","No","Yes","No","No","No","No","No","No","Yes","No","No","Yes","No","No","No","No","No","No","No","No","No","No","Unknown","No","Unknown"
"0051000024213","1696439824607","undefined","Swanson","0.0400lb","Food, Beverages & Tobacco > Food Items > Cooking & Baking Ingredients","SWANSON BROTH BEEF","https://www.edamam.com/food-img/399/399d10d40c41826661d9cf52c4b8d734.png","No","No","No","No","No","No","No","No","No","No","No","No","No","No","Yes","No","No","No","No","No","No","Yes","No","No","Yes","No","No","No","No","No","No","No","No","No","No","Unknown","No","Unknown"
"0051000227478","undefined","No","Prego Farmers' Market","undefined","Food, Beverages & Tobacco > Food Items > Condiments & Sauces","Tomato & Basil Sauce","undefined","No","No","No","No","No","No","No","No","No","No","No","No","No","No","Yes","No","No","No","No","No","No","Yes","No","No","Yes","No","No","No","No","No","No","No","No","No","No","Unknown","No","Unknown"
"0051000058874","1696439254380","undefined","Campbell's","4.4 Pounds","Food, Beverages & Tobacco > Food Items > Soups & Broths","CAMPBELL'S SOUP TOMATO","https://www.edamam.com/food-img/0c3/0c3266d0a4d10cb4408420c6d7abb9de.png","No","No","No","No","No","No","No","No","No","No","No","No","No","No","Yes","No","No","No","No","No","No","Yes","No","No","Yes","No","No","No","No","No","No","No","No","No","No","Unknown","No","Unknown"
"0051000232847","1696439828026","undefined","Campbell's","undefined","Home & Garden > Kitchen & Dining > Kitchen Appliances > Pasta Makers","Campbell's SpaghettiOs Canned PastaÂ with Franks, 15.6 oz.","https://www.edamam.com/food-img/104/10418b20771042a8e156923ee824e186.png","No","No","No","No","No","No","No","No","No","No","No","No","No","No","Yes","No","No","No","No","No","No","Yes","No","No","Yes","No","No","No","No","No","No","No","No","No","No","Unknown","No","Unknown"
"0039400019107","1696439830647","undefined","Bush's","19.7 Pounds","Food, Beverages & Tobacco > Food Items > Fruits & Vegetables > Canned & Prepared Beans","BUSH'S Bourbon and Brown Sugar Grillin' Beans 22 oz","https://www.edamam.com/food-img/2e9/2e9570c28d983fca37534cbe5375eebe.jpg","No","No","No","No","No","No","No","No","No","No","No","No","No","No","Yes","No","No","No","No","No","No","Yes","No","No","Yes","No","No","No","No","No","No","No","No","No","No","Unknown","No","Unknown"
"0039400017073","1696439833004","undefined","Bush Brothers & Company","undefined","Food, Beverages & Tobacco > Food Items > Fruits & Vegetables","BUSH'S Organic Garbanzo Beans 110 oz","undefined","No","No","No","No","No","No","No","No","No","No","No","No","No","No","Yes","No","No","No","No","No","No","Yes","No","No","Yes","No","No","No","No","No","No","No","No","No","No","Unknown","No","Unknown"
"0039400019121","1696439835655","undefined","Bush's","20 Pounds","Food, Beverages & Tobacco > Food Items > Fruits & Vegetables > Canned & Jarred Vegetables","BUSH'S Smokehouse Tradition Grillin' Beans 22 oz","https://www.edamam.com/food-img/b52/b52cd3d95a73a5a667e8ba5086fcc4d6.jpg","No","No","No","No","No","No","No","No","No","No","No","No","No","No","Yes","No","No","No","No","No","No","Yes","No","No","Yes","No","No","No","No","No","No","No","No","No","No","Unknown","No","Unknown"
"0051000076885","1696439838220","undefined","Pepperidge Farm","undefined","Food, Beverages & Tobacco > Food Items > Bakery > Breads & Buns","PEPPERIDGE FARM BREAD GARLIC","https://www.edamam.com/food-img/bb8/bb80d36c13daf651b1761b3320a63e3a.jpg","No","No","No","No","No","No","No","No","No","No","No","No","No","No","Yes","No","No","No","No","No","No","Yes","No","No","Yes","No","No","No","No","No","No","No","No","No","No","Unknown","No","Unknown"
"undefined","1696439840712","undefined","SWANSON BROTH","undefined","Packaged foods","Swanson Broth Chicken","https://www.edamam.com/food-img/ada/adab15ffc3d60c24d977ae8d40a13386.png","No","No","No","No","No","No","No","No","No","No","No","No","No","No","Yes","No","No","No","No","No","No","Yes","No","No","Yes","No","No","No","No","No","No","No","No","No","No","Unknown","No","Unknown"
"undefined","1696439843253","undefined","Pepperidge Farm","undefined","Packaged foods","Pepperidge Farm Cookies Ginger","https://www.edamam.com/food-img/ce0/ce08df8b00291be2f09af5dcf09aa0c5.jpg","No","No","No","No","No","No","No","No","No","No","No","No","No","No","Yes","No","No","No","No","No","No","Yes","No","No","Yes","No","No","No","No","No","No","No","No","No","No","Unknown","No","Unknown"
"undefined","1696439845465","undefined","Pepperidge Farm","undefined","Packaged foods","Pepperidge Farm Cookies Graham Chocolate","undefined","No","No","No","No","No","No","No","No","No","No","No","No","No","No","Yes","No","No","No","No","No","No","Yes","No","No","Yes","No","No","No","No","No","No","No","No","No","No","Unknown","No","Unknown"
"undefined","1696439847582","undefined","Pepperidge Farm","undefined","Packaged foods","Pepperidge Farm Pastry Peach","https://www.edamam.com/food-img/a71/a71a8ce62a01737a1bdb34d25e66f704.jpg","No","No","No","No","No","No","No","No","No","No","No","No","No","No","Yes","No","No","No","No","No","No","Yes","No","No","Yes","No","No","No","No","No","No","No","No","No","No","Unknown","No","Unknown"
"undefined","1696439849908","undefined","Pepperidge","undefined","Packaged foods","Pepperidge Farm Bread Cheese","https://www.edamam.com/food-img/37d/37d7dee6fbd09fd342003f4cc5ed7d6a.png","No","No","No","No","No","No","No","No","No","No","No","No","No","No","Yes","No","No","No","No","No","No","Yes","No","No","Yes","No","No","No","No","No","No","No","No","No","No","Unknown","No","Unknown"
"undefined","1696439853173","undefined","Pepperidge Farm, Inc.","undefined","Packaged foods","Cheddar Baked Snack Crackers, Cheddar","https://www.edamam.com/food-img/37a/37a6259cc0c1dae299a7866489dff0bd","No","No","No","No","No","No","No","No","No","No","No","No","No","No","Yes","No","No","No","No","No","No","Yes","No","No","Yes","No","No","No","No","No","No","No","No","No","No","Unknown","No","Unknown"
"undefined","1696439855327","undefined","Pepperidge Farm","undefined","Packaged foods","Pepperidge Farm Cookies","https://www.edamam.com/food-img/6cc/6cc20738368d2a9485b7855defa8786f.jpg","No","No","No","No","No","No","No","No","No","No","No","No","No","No","Yes","No","No","No","No","No","No","Yes","No","No","Yes","No","No","No","No","No","No","No","No","No","No","Unknown","No","Unknown"
"undefined","1696439857650","undefined","SWANSON BROTH","undefined","Packaged foods","Swanson Broth Beef","https://www.edamam.com/food-img/24e/24e48e8f8d338597d6b7a98ebd82249e.png","No","No","No","No","No","No","No","No","No","No","No","No","No","No","Yes","No","No","No","No","No","No","Yes","No","No","Yes","No","No","No","No","No","No","No","No","No","No","Unknown","No","Unknown"
"0014100084709","1696439699266","undefined","Pepperidge Farm","undefined","Food, Beverages & Tobacco > Food Items > Bakery > Cookies","PEPPERIDGE FARM COOKIES","https://www.edamam.com/food-img/be8/be83ae1ad4dcc053d6b5818840aabaa4.jpg","No","No","No","No","No","No","No","No","No","No","No","No","No","No","Yes","No","No","No","No","No","No","Yes","No","No","Yes","No","No","No","No","No","No","No","No","No","No","Unknown","No","Unknown"
"undefined","1696439860863","undefined","SWANSON BROTH","undefined","Packaged foods","Swanson Broth Chicken","https://www.edamam.com/food-img/dc8/dc8b0b222586e29bb7421b5fcf5f313e.png","No","No","No","No","No","No","No","No","No","No","No","No","No","No","Yes","No","No","No","No","No","No","Yes","No","No","Yes","No","No","No","No","No","No","No","No","No","No","Unknown","No","Unknown"
"undefined","1696439863104","undefined","Pepperidge Farm","undefined","Packaged foods","Pepperidge Farm Pastry Cherry","https://www.edamam.com/food-img/bb9/bb9fcb43f64d0487e12af60ee65ae68e.jpg","No","No","No","No","No","No","No","No","No","No","No","No","No","No","Yes","No","No","No","No","No","No","Yes","No","No","Yes","No","No","No","No","No","No","No","No","No","No","Unknown","No","Unknown"
"undefined","1696439866123","undefined","Pepperidge Farm","undefined","Packaged foods","Pepperidge Farm Cookies","https://www.edamam.com/food-img/e18/e18eea917b2317ff03c6789c5db5d86d.jpg","No","No","No","No","No","No","No","No","No","No","No","No","No","No","Yes","No","No","No","No","No","No","Yes","No","No","Yes","No","No","No","No","No","No","No","No","No","No","Unknown","No","Unknown"
"undefined","1696439868361","undefined","Pepperidge Farm","undefined","Packaged foods","Pepperidge Farm Cookies Smores","https://www.edamam.com/food-img/5f7/5f7daef98e024b7f8752802954716639.png","No","No","No","No","No","No","No","No","No","No","No","No","No","No","Yes","No","No","No","No","No","No","Yes","No","No","Yes","No","No","No","No","No","No","No","No","No","No","Unknown","No","Unknown"
"undefined","1696439871186","undefined","SWANSON BROTH","undefined","Packaged foods","Swanson Broth Beef","https://www.edamam.com/food-img/a7c/a7c7e293f8f854e8a7c14726afd11f34.png","No","No","No","No","No","No","No","No","No","No","No","No","No","No","Yes","No","No","No","No","No","No","Yes","No","No","Yes","No","No","No","No","No","No","No","No","No","No","Unknown","No","Unknown"
"undefined","1696439873863","undefined","Pepperidge Farm","undefined","Packaged foods","Pepperidge Farm Cookies Strawberry","https://www.edamam.com/food-img/34c/34c43a33534037633df340bddd7e3a13.png","No","No","No","No","No","No","No","No","No","No","No","No","No","No","Yes","No","No","No","No","No","No","Yes","No","No","Yes","No","No","No","No","No","No","No","No","No","No","Unknown","No","Unknown"
"undefined","1696439875878","undefined","Pepperidge Farm","undefined","Packaged foods","Pepperidge Farm Cookies Peppermint","https://www.edamam.com/food-img/591/59130e506aec7cfc39e442257465775f.jpg","No","No","No","No","No","No","No","No","No","No","No","No","No","No","Yes","No","No","No","No","No","No","Yes","No","No","Yes","No","No","No","No","No","No","No","No","No","No","Unknown","No","Unknown"
"undefined","1696439878084","undefined","SWANSON BROTH","undefined","Packaged foods","Swanson Broth Beef-Low Sodium","https://www.edamam.com/food-img/8d5/8d5b005c28de1dc44e799fbf6889b3f9.png","No","No","No","No","No","No","No","No","No","No","No","No","No","No","Yes","No","No","No","No","No","No","Yes","No","No","Yes","No","No","No","No","No","No","No","No","No","No","Unknown","No","Unknown"
"undefined","1696439881100","undefined","Pepperidge Farm","undefined","Packaged foods","Pepperidge Farm Cookies","https://www.edamam.com/food-img/107/1075ef80675d160f332f1f45dd014ab0.jpg","No","No","No","No","No","No","No","No","No","No","No","No","No","No","Yes","No","No","No","No","No","No","Yes","No","No","Yes","No","No","No","No","No","No","No","No","No","No","Unknown","No","Unknown"
"undefined","1696439883736","undefined","SWANSON BROTH","undefined","Packaged foods","Swanson Broth Vegetable","https://www.edamam.com/food-img/698/698e08b8e4fa98d41f1c7fec1cf4962c.png","No","No","No","No","No","No","No","No","No","No","No","No","No","No","Yes","No","No","No","No","No","No","Yes","No","No","Yes","No","No","No","No","No","No","No","No","No","No","Unknown","No","Unknown"
"0051000078742","1696439886297","undefined","Pepperidge Farm","undefined","Food, Beverages & Tobacco > Food Items > Cooking & Baking Ingredients > Dough > Pie Crusts","PEPPERIDGE FARM PASTRY SHEETS","https://www.edamam.com/food-img/bc7/bc790d2bb62ff5b0c069d3f49170d07c.jpg","No","No","No","No","No","No","No","No","No","No","No","No","No","No","Yes","No","No","No","No","No","No","Yes","No","No","Yes","No","No","No","No","No","No","No","No","No","No","Unknown","No","Unknown"
"0039400010593","1696439888361","undefined","Bush Brothers & Company","undefined","Food, Beverages & Tobacco > Food Items > Fruits & Vegetables","BUSH'S Organic Pinto Beans 110 oz","undefined","No","No","No","No","No","No","No","No","No","No","No","No","No","No","Yes","No","No","No","No","No","No","Yes","No","No","Yes","No","No","No","No","No","No","No","No","No","No","Unknown","No","Unknown"
"0014100075233","1696439891284","undefined","Pepperidge Farm","undefined","Food, Beverages & Tobacco > Food Items","PEPPERIDGE FARM CRACKERS","undefined","No","No","No","No","No","No","No","No","No","No","No","No","No","No","Yes","No","No","No","No","No","No","Yes","No","No","Yes","No","No","No","No","No","No","No","No","No","No","Unknown","No","Unknown"
"0014100043706","1696439893385","undefined","Pepperidge Farm","undefined","Food, Beverages & Tobacco > Food Items","PEPPERIDGE FARM COOKIES MILANO","undefined","No","No","No","No","No","No","No","No","No","No","No","No","No","No","Yes","No","No","No","No","No","No","Yes","No","No","Yes","No","No","No","No","No","No","No","No","No","No","Unknown","No","Unknown"
"0039400010715","1696439895566","undefined","TEXAS","undefined","Food, Beverages & Tobacco > Food Items","BUSH'S BEST Easy Entrees Texas Ranchero 108 oz","https://www.edamam.com/food-img/b7b/b7b0bb8585a2d8a9d5445db8c4207ebd.jpg","No","No","No","No","No","No","No","No","No","No","No","No","No","No","Yes","No","No","No","No","No","No","Yes","No","No","Yes","No","No","No","No","No","No","No","No","No","No","Unknown","No","Unknown"
"0041800344000","1696439898125","undefined","Welch's","240 ounces","Food, Beverages & Tobacco > Beverages > Alcoholic Beverages","10 FL OZ 100% JUICE - ORANGE","https://www.edamam.com/food-img/98f/98f74380934aaabdbaa4852771ae690c.jpg","No","No","No","No","No","No","No","No","No","No","No","No","No","No","Yes","No","No","No","No","No","No","Yes","No","No","Yes","No","No","No","No","No","No","No","No","No","No","Unknown","No","Unknown"
"undefined","1696439900409","undefined","Welch Foods Inc","undefined","Packaged foods","16 Fl oz Juice Drink - Fruit Punch","https://www.edamam.com/food-img/647/6475c62811ca11c86cfb6e88568fa1cf.jpg","No","No","No","No","No","No","No","No","No","No","No","No","No","No","Yes","No","No","No","No","No","No","Yes","No","No","Yes","No","No","No","No","No","No","No","No","No","No","Unknown","No","Unknown"
"undefined","1696439902722","undefined","Welch Foods Inc","undefined","Packaged foods","11.5 Fl oz Juice Drink - Apple Cranberry","https://www.edamam.com/food-img/6bf/6bf1473dfc31f8610720f9ffa4689012.jpg","No","No","No","No","No","No","No","No","No","No","No","No","No","No","Yes","No","No","No","No","No","No","Yes","No","No","Yes","No","No","No","No","No","No","No","No","No","No","Unknown","No","Unknown"
"undefined","1696439905714","undefined","Welch Foods Inc","undefined","Packaged foods","100% Orange Juice From Concentrate, Orange Juice","https://www.edamam.com/food-img/1f5/1f52242011e03eb28b70c0323eee0a81.jpg","No","No","No","No","No","No","No","No","No","No","No","No","No","No","Yes","No","No","No","No","No","No","Yes","No","No","Yes","No","No","No","No","No","No","No","No","No","No","Unknown","No","Unknown"
"undefined","1696439907716","undefined","Welch Foods Inc","undefined","Packaged foods","Cranberry Flavored 2 Juice Cocktail Blend From Concentrate, Cranberry","https://www.edamam.com/food-img/9f3/9f3339b0ffe9d1453ebc68f349a5df61.jpg","No","No","No","No","No","No","No","No","No","No","No","No","No","No","Yes","No","No","No","No","No","No","Yes","No","No","Yes","No","No","No","No","No","No","No","No","No","No","Unknown","No","Unknown"
"undefined","1696439909847","undefined","Welch Foods Inc","undefined","Packaged foods","11.5 Fl oz Juice Drink - Fruit Punch","https://www.edamam.com/food-img/983/983e7886cbb3774ad0b3df69443e074f.jpg","No","No","No","No","No","No","No","No","No","No","No","No","No","No","Yes","No","No","No","No","No","No","Yes","No","No","Yes","No","No","No","No","No","No","No","No","No","No","Unknown","No","Unknown"
"undefined","1696439911977","undefined","Welch Foods Inc","undefined","Packaged foods","10 Fl oz Juice Cocktail - Cranberry","https://www.edamam.com/food-img/6c4/6c4da16a0999924c6cc3ccf8464642cd.jpg","No","No","No","No","No","No","No","No","No","No","No","No","No","No","Yes","No","No","No","No","No","No","Yes","No","No","Yes","No","No","No","No","No","No","No","No","No","No","Unknown","No","Unknown"
"undefined","1696439914104","undefined","Welch Foods Inc","undefined","Packaged foods","10 Fl oz Juice Drink - Orange Pineapple","https://www.edamam.com/food-img/082/08256817f28264a9adc422547752690c.jpg","No","No","No","No","No","No","No","No","No","No","No","No","No","No","Yes","No","No","No","No","No","No","Yes","No","No","Yes","No","No","No","No","No","No","No","No","No","No","Unknown","No","Unknown"
"undefined","1696439916254","undefined","Welch Foods Inc","undefined","Packaged foods","10 Fl oz Juice Drink - Strawberry Kiwi","https://www.edamam.com/food-img/828/8285321a6718b30bd65daeee23a3f6d6.jpg","No","No","No","No","No","No","No","No","No","No","No","No","No","No","Yes","No","No","No","No","No","No","Yes","No","No","Yes","No","No","No","No","No","No","No","No","No","No","Unknown","No","Unknown"
"undefined","1696439918564","undefined","Welch Foods Inc","undefined","Packaged foods","10 Fl oz Juice Cocktail - Grape","https://www.edamam.com/food-img/f46/f4606df2843da3ceb46a080a1deea11b.jpg","No","No","No","No","No","No","No","No","No","No","No","No","No","No","Yes","No","No","No","No","No","No","Yes","No","No","Yes","No","No","No","No","No","No","No","No","No","No","Unknown","No","Unknown"
"undefined","1696439921102","undefined","Welch Foods Inc","undefined","Packaged foods","100% Apple Juice From Concentrate, Apple","https://www.edamam.com/food-img/74d/74d892e95ab5fd21b66134c9f54afcc2.jpg","No","No","No","No","No","No","No","No","No","No","No","No","No","No","Yes","No","No","No","No","No","No","Yes","No","No","Yes","No","No","No","No","No","No","No","No","No","No","Unknown","No","Unknown"
"undefined","1696439923158","undefined","Welch Foods Inc","undefined","Packaged foods","11.5 Fl oz 100% Juice - Orange","https://www.edamam.com/food-img/e78/e780b842bc890cf3e8a0a7ca7e8ac7f6.jpg","No","No","No","No","No","No","No","No","No","No","No","No","No","No","Yes","No","No","No","No","No","No","Yes","No","No","Yes","No","No","No","No","No","No","No","No","No","No","Unknown","No","Unknown"
"undefined","1696439925292","undefined","Welch Foods Inc","undefined","Packaged foods","10 Fl oz 100% Juice - Apple","https://www.edamam.com/food-img/317/31797256161e916ae2d3a7633000a7f3.jpg","No","No","No","No","No","No","No","No","No","No","No","No","No","No","Yes","No","No","No","No","No","No","Yes","No","No","Yes","No","No","No","No","No","No","No","No","No","No","Unknown","No","Unknown"
"undefined","1696439928154","undefined","Welch Foods Inc","undefined","Packaged foods","10 Fl oz Juice Drink - Fruit Punch","https://www.edamam.com/food-img/558/55852e6751437866b220d3eedfaf6cc5.jpg","No","No","No","No","No","No","No","No","No","No","No","No","No","No","Yes","No","No","No","No","No","No","Yes","No","No","Yes","No","No","No","No","No","No","No","No","No","No","Unknown","No","Unknown"
"undefined","1696439930314","undefined","Welch Foods Inc","undefined","Packaged foods","11.5 Fl oz 100% Juice - Apple","https://www.edamam.com/food-img/986/9862f2748440cdb693f1d6b1f01db539.jpg","No","No","No","No","No","No","No","No","No","No","No","No","No","No","Yes","No","No","No","No","No","No","Yes","No","No","Yes","No","No","No","No","No","No","No","No","No","No","Unknown","No","Unknown"
"undefined","1696439932648","undefined","undefined","undefined","undefined","undefined","undefined","No","No","No","No","No","No","No","No","No","No","No","No","No","No","Yes","No","No","No","No","No","No","Yes","No","No","Yes","No","No","No","No","No","No","No","No","No","No","Unknown","No","Unknown"
"undefined","1696439933899","undefined","CAMPBELL SOUP COMPANY","undefined","Packaged foods","Campbell's Soup Chicken & Dumpling","undefined","No","No","No","No","No","No","No","No","No","No","No","No","No","No","Yes","No","No","No","No","No","No","Yes","No","No","Yes","No","No","No","No","No","No","No","No","No","No","Unknown","No","Unknown"
"undefined","1696439936211","undefined","CAMPBELL SOUP COMPANY","undefined","Packaged foods","Campbell's Chunky Soup Beef Vegetable","undefined","No","No","No","No","No","No","No","No","No","No","No","No","No","No","Yes","No","No","No","No","No","No","Yes","No","No","Yes","No","No","No","No","No","No","No","No","No","No","Unknown","No","Unknown"
"undefined","1696439938877","undefined","undefined","undefined","undefined","undefined","undefined","No","No","No","No","No","No","No","No","No","No","No","No","No","No","Yes","No","No","No","No","No","No","Yes","No","No","Yes","No","No","No","No","No","No","No","No","No","No","Unknown","No","Unknown"
"undefined","1696439939927","undefined","undefined","undefined","undefined","undefined","undefined","No","No","No","No","No","No","No","No","No","No","No","No","No","No","Yes","No","No","No","No","No","No","Yes","No","No","Yes","No","No","No","No","No","No","No","No","No","No","Unknown","No","Unknown"
"undefined","1696439941025","undefined","Sun-Maid Growers of California","undefined","Packaged foods","Vanilla Yogurt Covered Raisins, Vanilla","https://www.edamam.com/food-img/515/5150d015203922ecf370c9b885892538.jpg","No","No","No","No","No","No","No","No","No","No","No","No","No","No","Yes","No","No","No","No","No","No","Yes","No","No","Yes","No","No","No","No","No","No","No","No","No","No","Unknown","No","Unknown"
"undefined","1696439943162","undefined","undefined","undefined","undefined","undefined","undefined","No","No","No","No","No","No","No","No","No","No","No","No","No","No","Yes","No","No","No","No","No","No","Yes","No","No","Yes","No","No","No","No","No","No","No","No","No","No","Unknown","No","Unknown"
"undefined","1696439944314","undefined","Sun-Maid Growers of California","undefined","Packaged foods","California Pitted Prunes Dried Plums","https://www.edamam.com/food-img/df2/df2e9beea9a3e081ed0be279618946b5.jpg","No","No","No","No","No","No","No","No","No","No","No","No","No","No","Yes","No","No","No","No","No","No","Yes","No","No","Yes","No","No","No","No","No","No","No","No","No","No","Unknown","No","Unknown"
"undefined","1696439947491","undefined","undefined","undefined","undefined","undefined","undefined","No","No","No","No","No","No","No","No","No","No","No","No","No","No","Yes","No","No","No","No","No","No","Yes","No","No","Yes","No","No","No","No","No","No","No","No","No","No","Unknown","No","Unknown"
"0041143089569","1696439948662","undefined","Sun-Maid","60 ounces","Food, Beverages & Tobacco > Food Items > Fruits & Vegetables > Dried Fruits","MIXED RAISINS","https://www.edamam.com/food-img/ce6/ce6e544c729cb1fc5753f675cf2a2ad2.jpg","No","No","No","No","No","No","No","No","No","No","No","No","No","No","Yes","No","No","No","No","No","No","Yes","No","No","Yes","No","No","No","No","No","No","No","No","No","No","Unknown","No","Unknown"
"undefined","1696439951458","undefined","undefined","undefined","undefined","undefined","undefined","No","No","No","No","No","No","No","No","No","No","No","No","No","No","Yes","No","No","No","No","No","No","Yes","No","No","Yes","No","No","No","No","No","No","No","No","No","No","Unknown","No","Unknown"
"0041143092705","1696439952617","undefined","Sun-Maid","48 ounces","Food, Beverages & Tobacco > Food Items > Fruits & Vegetables > Dried Fruits","YOGURT RAISINS","https://www.edamam.com/food-img/911/9111fbb4158ea9ecb919338a0c1270cd.jpg","No","No","No","No","No","No","No","No","No","No","No","No","No","No","Yes","No","No","No","No","No","No","Yes","No","No","Yes","No","No","No","No","No","No","No","No","No","No","Unknown","No","Unknown"
"0041143029008","1696439955024","undefined","Sun-Maid","undefined","Food, Beverages & Tobacco > Food Items > Fruits & Vegetables > Dried Fruits","NATURAL CALIFORNIA RAISINS","https://www.edamam.com/food-img/f04/f0458140944ac34c0a041c34c4b76ecf.jpg","No","No","No","No","No","No","No","No","No","No","No","No","No","No","Yes","No","No","No","No","No","No","Yes","No","No","Yes","No","No","No","No","No","No","No","No","No","No","Unknown","No","Unknown"
"0041143092804","1696439957412","undefined","Sun-Maid","42 ounces","Food, Beverages & Tobacco > Food Items > Fruits & Vegetables > Dried Fruits","YOGURT RAISINS","https://www.edamam.com/food-img/e6e/e6ec89c8ba5651830f06492cf573301e.jpg","No","No","No","No","No","No","No","No","No","No","No","No","No","No","Yes","No","No","No","No","No","No","Yes","No","No","Yes","No","No","No","No","No","No","No","No","No","No","Unknown","No","Unknown"
"undefined","1696439959596","undefined","undefined","undefined","undefined","undefined","undefined","No","No","No","No","No","No","No","No","No","No","No","No","No","No","Yes","No","No","No","No","No","No","Yes","No","No","Yes","No","No","No","No","No","No","No","No","No","No","Unknown","No","Unknown"
"undefined","1696439960700","undefined","undefined","undefined","undefined","undefined","undefined","No","No","No","No","No","No","No","No","No","No","No","No","No","No","Yes","No","No","No","No","No","No","Yes","No","No","Yes","No","No","No","No","No","No","No","No","No","No","Unknown","No","Unknown"
"undefined","1696439961817","undefined","Sun-Maid Growers of California","undefined","Packaged foods","California Sun-Dried Raisins","https://www.edamam.com/food-img/275/275e8012c69e48ee8783e58bc2f62c58.jpg","No","No","No","No","No","No","No","No","No","No","No","No","No","No","Yes","No","No","No","No","No","No","Yes","No","No","Yes","No","No","No","No","No","No","No","No","No","No","Unknown","No","Unknown"
"undefined","1696439964318","undefined","undefined","undefined","undefined","undefined","undefined","No","No","No","No","No","No","No","No","No","No","No","No","No","No","Yes","No","No","No","No","No","No","Yes","No","No","Yes","No","No","No","No","No","No","No","No","No","No","Unknown","No","Unknown"
"undefined","1696439965490","undefined","Sun-Maid Growers of California","undefined","Packaged foods","Mediterranean Apricots","https://www.edamam.com/food-img/8e9/8e9aff38128296d600ea0080e03a8596.jpg","No","No","No","No","No","No","No","No","No","No","No","No","No","No","Yes","No","No","No","No","No","No","Yes","No","No","Yes","No","No","No","No","No","No","No","No","No","No","Unknown","No","Unknown"
"undefined","1696439968130","undefined","Golden","undefined","Packaged foods","California Golden Raisins","https://www.edamam.com/food-img/6c8/6c82539b67e57ce6388df60683f5cfa8.jpg","No","No","No","No","No","No","No","No","No","No","No","No","No","No","Yes","No","No","No","No","No","No","Yes","No","No","Yes","No","No","No","No","No","No","No","No","No","No","Unknown","No","Unknown"
"undefined","1696439970139","undefined","The Kroger Co.","undefined","Packaged foods","Mixed Fruit Medley Freshly Frozen Strawberries, Peaches, Pineapple & Mango, Mixed Fruit Medley","undefined","No","No","No","No","No","No","No","No","No","No","No","No","No","No","Yes","No","No","No","No","No","No","Yes","No","No","Yes","No","No","No","No","No","No","No","No","No","No","Unknown","No","Unknown"
"undefined","1696439972397","undefined","Bay Valley Foods, LLC","undefined","Packaged foods","Walnut Halves & Pieces","https://www.edamam.com/food-img/995/995ba609b214107f15dfcb646b7854f2.jpg","No","No","No","No","No","No","No","No","No","No","No","No","No","No","Yes","No","No","No","No","No","No","Yes","No","No","Yes","No","No","No","No","No","No","No","No","No","No","Unknown","No","Unknown"
"undefined","1696439974657","undefined","Aldi-Benner Company","undefined","Packaged foods","Breakfast Best, Breakfast Strudel, Strawberry","undefined","No","No","No","No","No","No","No","No","No","No","No","No","No","No","Yes","No","No","No","No","No","No","Yes","No","No","Yes","No","No","No","No","No","No","No","No","No","No","Unknown","No","Unknown"
"undefined","1696439977282","undefined","Dr. Praeger's Sensible Foods, Inc.","undefined","Packaged foods","California Veggie Pockets, All Natural, All Natural","https://www.edamam.com/food-img/262/26240b59339826fefee0a956acc6f464.jpg","No","No","No","No","No","No","No","No","No","No","No","No","No","No","Yes","No","No","No","No","No","No","Yes","No","No","Yes","No","No","No","No","No","No","No","No","No","No","Unknown","No","Unknown"
"undefined","1696439979873","undefined","Productos Hola","undefined","Packaged foods","Lemon Flavored Salted Plum, Lemon, Lemon","undefined","No","No","No","No","No","No","No","No","No","No","No","No","No","No","Yes","No","No","No","No","No","No","Yes","No","No","Yes","No","No","No","No","No","No","No","No","No","No","Unknown","No","Unknown"
"undefined","1696439983038","undefined","Productos Hola","undefined","Packaged foods","Sweet & Sour Flavored Salted Plum","undefined","No","No","No","No","No","No","No","No","No","No","No","No","No","No","Yes","No","No","No","No","No","No","Yes","No","No","Yes","No","No","No","No","No","No","No","No","No","No","Unknown","No","Unknown"
"undefined","1696439985352","undefined","Brown","undefined","Packaged foods","100% Whole Grain Instant Brown Rice, Whole Grain","https://www.edamam.com/food-img/346/34636d01e7c244f57d6e90b9253593ae.jpg","No","No","No","No","No","No","No","No","No","No","No","No","No","No","Yes","No","No","No","No","No","No","Yes","No","No","Yes","No","No","No","No","No","No","No","No","No","No","Unknown","No","Unknown"
"undefined","1696439987501","undefined","Schnuck Markets, Inc.","undefined","Packaged foods","Smoked Sausage","undefined","No","No","No","No","No","No","No","No","No","No","No","No","No","No","Yes","No","No","No","No","No","No","Yes","No","No","Yes","No","No","No","No","No","No","No","No","No","No","Unknown","No","Unknown"
"undefined","1696439989364","undefined","Dole Packaged Foods, LLC","undefined","Packaged foods","Pineapple Chunks in Heavy Syrup","https://www.edamam.com/food-img/056/0569fa0603e80ebff0377234eda774bb.jpg","No","No","No","No","No","No","No","No","No","No","No","No","No","No","Yes","No","No","No","No","No","No","Yes","No","No","Yes","No","No","No","No","No","No","No","No","No","No","Unknown","No","Unknown"
"undefined","1696439991781","undefined","Sugar Snap","undefined","Packaged foods","Sugar Snap Stir-Fry With Sugar Snap Peas, Carrots, Onions, & Sliced Mushrooms, Sugar Snap Stir-Fry","undefined","No","No","No","No","No","No","No","No","No","No","No","No","No","No","Yes","No","No","No","No","No","No","Yes","No","No","Yes","No","No","No","No","No","No","No","No","No","No","Unknown","No","Unknown"
"undefined","1696439998543","undefined","Ancient Grains","undefined","Packaged foods","7 Ancient Grains Rice Crackers With Sea Salt, Sea Salt","https://www.edamam.com/food-img/69c/69c40960f21924c903001fd85bea91cd.jpg","No","No","No","No","No","No","No","No","No","No","No","No","No","No","Yes","No","No","No","No","No","No","Yes","No","No","Yes","No","No","No","No","No","No","No","No","No","No","Unknown","No","Unknown"
"undefined","1696440005616","undefined","White","undefined","Packaged foods","Instant White Rice","https://www.edamam.com/food-img/0de/0de7467f31c2872cf41ff5a7a8f28d26.jpg","No","No","No","No","No","No","No","No","No","No","No","No","No","No","Yes","No","No","No","No","No","No","Yes","No","No","Yes","No","No","No","No","No","No","No","No","No","No","Unknown","No","Unknown"
"0072981005107","1696440008656","undefined","Rovira","undefined","Food, Beverages & Tobacco > Food Items > Snack Foods > Crackers","TITA CRACKERS","undefined","No","No","No","No","No","No","No","No","No","No","No","No","No","No","Yes","No","No","No","No","No","No","Yes","No","No","Yes","No","No","No","No","No","No","No","No","No","No","Unknown","No","Unknown"
"0072981005022","1696440015846","undefined","Rovira","undefined","Food, Beverages & Tobacco > Food Items > Snack Foods > Crackers","TREATS CRACKERS","undefined","No","No","No","No","No","No","No","No","No","No","No","No","No","No","Yes","No","No","No","No","No","No","Yes","No","No","Yes","No","No","No","No","No","No","No","No","No","No","Unknown","No","Unknown"
"0072981005213","1696440022664","undefined","Rovira","undefined","Food, Beverages & Tobacco > Food Items > Snack Foods > Crackers","ALMONDS TREATS CRACKERS","undefined","No","No","No","No","No","No","No","No","No","No","No","No","No","No","Yes","No","No","No","No","No","No","Yes","No","No","Yes","No","No","No","No","No","No","No","No","No","No","Unknown","No","Unknown"
"0072981005251","1696440026246","undefined","Rovira","undefined","Food, Beverages & Tobacco > Food Items > Snack Foods > Crackers","ROVIRA BISCUITS, TREATS CRACKERS, CINNAMON","undefined","No","No","No","No","No","No","No","No","No","No","No","No","No","No","Yes","No","No","No","No","No","No","Yes","No","No","Yes","No","No","No","No","No","No","No","No","No","No","Unknown","No","Unknown"
"0022655723523","1696440029002","undefined","Butterball","undefined","Food, Beverages & Tobacco > Food Items > Meat, Seafood & Eggs > Meat","FRESH TURKEY BURGER PATTIES","undefined","No","No","No","No","No","No","No","No","No","No","No","No","No","No","Yes","No","No","No","No","No","No","Yes","No","No","Yes","No","No","No","No","No","No","No","No","No","No","Unknown","No","Unknown"
"0070575040220","1696440036081","undefined","On-Cor Classics","undefined","Food, Beverages & Tobacco > Food Items","SELECTS LASAGNA WITH MEAT SAUCE, MEAT SAUCE","https://www.edamam.com/food-img/149/1497720a7a0ca1b943da742b12fa4ec8.jpg","No","No","No","No","No","No","No","No","No","No","No","No","No","No","Yes","No","No","No","No","No","No","Yes","No","No","Yes","No","No","No","No","No","No","No","No","No","No","Unknown","No","Unknown"
"undefined","1696440038905","undefined","Almond Dream","undefined","Packaged foods","Almond Dream, Non-Dairy Frozen Dessert, Chocolate, Chocolate","https://www.edamam.com/food-img/fe8/fe821eeb996f11eaebc4e81cd1f17f48.jpg","No","No","No","No","No","No","No","No","No","No","No","No","No","No","Yes","No","No","No","No","No","No","Yes","No","No","Yes","No","No","No","No","No","No","No","No","No","No","Unknown","No","Unknown"
"undefined","1696440041149","undefined","UTZ Quality Foods, LLC","undefined","Packaged foods","Sour Cream & Onion Potato Chips, Sour Cream & Onion","https://www.edamam.com/food-img/b6e/b6e4a19ae64df86fb1de3c995d2568a8.jpg","No","No","No","No","No","No","No","No","No","No","No","No","No","No","Yes","No","No","No","No","No","No","Yes","No","No","Yes","No","No","No","No","No","No","No","No","No","No","Unknown","No","Unknown"
"undefined","1696440044323","undefined","Dole Packaged Foods, LLC","undefined","Packaged foods","California Whole Pitted Dates","https://www.edamam.com/food-img/ea2/ea2a0a55528b7351cd4532a63f19e3de.jpg","No","No","No","No","No","No","No","No","No","No","No","No","No","No","Yes","No","No","No","No","No","No","Yes","No","No","Yes","No","No","No","No","No","No","No","No","No","No","Unknown","No","Unknown"
"undefined","1696440046650","undefined","Harris-Teeter Inc.","undefined","Packaged foods","Teriyaki Sauce","undefined","No","No","No","No","No","No","No","No","No","No","No","No","No","No","Yes","No","No","No","No","No","No","Yes","No","No","Yes","No","No","No","No","No","No","No","No","No","No","Unknown","No","Unknown"
"undefined","1696440048730","undefined","Flowers Foods, Inc.","undefined","Packaged foods","Wheat Sub Rolls, Wheat Sub","https://www.edamam.com/food-img/f4e/f4e27f92f07633f4c1a5d7e4d6bec994.jpg","No","No","No","No","No","No","No","No","No","No","No","No","No","No","Yes","No","No","No","No","No","No","Yes","No","No","Yes","No","No","No","No","No","No","No","No","No","No","Unknown","No","Unknown"
"undefined","1696440051474","undefined","Ajinomoto USA Inc.","undefined","Packaged foods","Orange Chicken Fried Rice","https://www.edamam.com/food-img/2ae/2aed6c342099d24f099278e8b7e55dcb.jpg","No","No","No","No","No","No","No","No","No","No","No","No","No","No","Yes","No","No","No","No","No","No","Yes","No","No","Yes","No","No","No","No","No","No","No","No","No","No","Unknown","No","Unknown"
"undefined","1696440054561","undefined","Ajinomoto USA Inc.","undefined","Packaged foods","Broccoli Beef Fried Rice","https://www.edamam.com/food-img/ab4/ab4e5c529c16c2196cdc22762d8aa7b4.jpg","No","No","No","No","No","No","No","No","No","No","No","No","No","No","Yes","No","No","No","No","No","No","Yes","No","No","Yes","No","No","No","No","No","No","No","No","No","No","Unknown","No","Unknown"
"undefined","1696440057466","undefined","Good Health","undefined","Packaged foods","The Good Health Cheese Alternative","https://www.edamam.com/food-img/ceb/ceb56bf68577d1dc02e6ae49fbbd8ab8.jpg","No","No","No","No","No","No","No","No","No","No","No","No","No","No","Yes","No","No","No","No","No","No","Yes","No","No","Yes","No","No","No","No","No","No","No","No","No","No","Unknown","No","Unknown"
"undefined","1696440059619","undefined","Eight O'clock Coffee","undefined","Packaged foods","Dessert Shells","undefined","No","No","No","No","No","No","No","No","No","No","No","No","No","No","Yes","No","No","No","No","No","No","Yes","No","No","Yes","No","No","No","No","No","No","No","No","No","No","Unknown","No","Unknown"
